[
  {
    "skillid": 0,
    "atk_ani": "hit1.ExportJson",
    "atk_particle": "null",
    "atk_type": "null",
    "atk_fly_particle": "null",
    "atk_delay_particle": "null",
    "def_ani": "hitx.ExportJson",
    "def_particle": "null",
    "def_full_effect": "null",
    "later_ani": "null",
    "later_particle": "null",
    "flipy": true,
    "fullscr": false,
    "offset_x": 0.0,
    "offset_y": 0.0,
    "sound": "normal_melee_physical.ogg",
    "soundx": "null"
  },
  {
    "skillid": 1,
    "atk_ani": "holyring.ExportJson",
    "atk_particle": "null",
    "atk_type": "null",
    "atk_fly_particle": "null",
    "atk_delay_particle": "null",
    "def_ani": "null",
    "def_particle": "star",
    "def_full_effect": "null",
    "later_ani": "null",
    "later_particle": "null",
    "flipy": false,
    "fullscr": false,
    "offset_x": 0.0,
    "offset_y": 0.0,
    "sound": "heal.ogg",
    "soundx": "null"
  },
  {
    "skillid": 2,
    "atk_ani": "holy1.ExportJson",
    "atk_particle": "null",
    "atk_type": "null",
    "atk_fly_particle": "null",
    "atk_delay_particle": "null",
    "def_ani": "null",
    "def_particle": "star",
    "def_full_effect": "null",
    "later_ani": "null",
    "later_particle": "null",
    "flipy": false,
    "fullscr": false,
    "offset_x": 0.0,
    "offset_y": 0.0,
    "sound": "big_heal.ogg",
    "soundx": "null"
  },
  {
    "skillid": 3,
    "atk_ani": "hit2.ExportJson",
    "atk_particle": "null",
    "atk_type": "null",
    "atk_fly_particle": "null",
    "atk_delay_particle": "null",
    "def_ani": "hitx.ExportJson",
    "def_particle": "null",
    "def_full_effect": "null",
    "later_ani": "null",
    "later_particle": "null",
    "flipy": true,
    "fullscr": false,
    "offset_x": 0.0,
    "offset_y": 0.0,
    "sound": "normal_melee_physical.ogg",
    "soundx": "null"
  },
  {
    "skillid": 4,
    "atk_ani": "null",
    "atk_particle": "null",
    "atk_type": "iceball",
    "atk_fly_particle": "flakep2",
    "atk_delay_particle": "null",
    "def_ani": "null",
    "def_particle": "flakep",
    "def_full_effect": "null",
    "later_ani": "ice1.ExportJson",
    "later_particle": "null",
    "flipy": false,
    "fullscr": false,
    "offset_x": 0.0,
    "offset_y": 0.0,
    "sound": "iceball_blow.ogg",
    "soundx": "null"
  },
  {
    "skillid": 5,
    "atk_ani": "null",
    "atk_particle": "null",
    "atk_type": "null",
    "atk_fly_particle": "null",
    "atk_delay_particle": "null",
    "def_ani": "attackup.ExportJson",
    "def_particle": "null",
    "def_full_effect": "null",
    "later_ani": "null",
    "later_particle": "null",
    "flipy": false,
    "fullscr": false,
    "offset_x": 0.0,
    "offset_y": 0.0,
    "sound": "stronger.ogg",
    "soundx": "null"
  },
  {
    "skillid": 6,
    "atk_ani": "null",
    "atk_particle": "null",
    "atk_type": "null",
    "atk_fly_particle": "null",
    "atk_delay_particle": "null",
    "def_ani": "attackdown.ExportJson",
    "def_particle": "null",
    "def_full_effect": "null",
    "later_ani": "null",
    "later_particle": "null",
    "flipy": false,
    "fullscr": false,
    "offset_x": 0.0,
    "offset_y": 0.0,
    "sound": "weaken.ogg",
    "soundx": "null"
  },
  {
    "skillid": 7,
    "atk_ani": "null",
    "atk_particle": "null",
    "atk_type": "null",
    "atk_fly_particle": "null",
    "atk_delay_particle": "null",
    "def_ani": "defenseup.ExportJson",
    "def_particle": "null",
    "def_full_effect": "null",
    "later_ani": "null",
    "later_particle": "null",
    "flipy": false,
    "fullscr": false,
    "offset_x": 0.0,
    "offset_y": 0.0,
    "sound": "stronger.ogg",
    "soundx": "null"
  },
  {
    "skillid": 8,
    "atk_ani": "null",
    "atk_particle": "null",
    "atk_type": "null",
    "atk_fly_particle": "null",
    "atk_delay_particle": "null",
    "def_ani": "defensedown.ExportJson",
    "def_particle": "null",
    "def_full_effect": "null",
    "later_ani": "null",
    "later_particle": "null",
    "flipy": false,
    "fullscr": false,
    "offset_x": 0.0,
    "offset_y": 0.0,
    "sound": "weaken.ogg",
    "soundx": "null"
  },
  {
    "skillid": 9,
    "atk_ani": "null",
    "atk_particle": "null",
    "atk_type": "null",
    "atk_fly_particle": "null",
    "atk_delay_particle": "null",
    "def_ani": "flame.ExportJson",
    "def_particle": "null",
    "def_full_effect": "null",
    "later_ani": "null",
    "later_particle": "null",
    "flipy": false,
    "fullscr": false,
    "offset_x": 0.0,
    "offset_y": 0.0,
    "sound": "fire_pillar.ogg",
    "soundx": "burnt.ogg"
  },
  {
    "skillid": 10,
    "atk_ani": "powerhit.ExportJson",
    "atk_particle": "null",
    "atk_type": "null",
    "atk_fly_particle": "null",
    "atk_delay_particle": "null",
    "def_ani": "cut.ExportJson",
    "def_particle": "null",
    "def_full_effect": "null",
    "later_ani": "null",
    "later_particle": "null",
    "flipy": true,
    "fullscr": false,
    "offset_x": 0.0,
    "offset_y": 0.0,
    "sound": "strong_melee_physical.ogg",
    "soundx": "null"
  },
  {
    "skillid": 11,
    "atk_ani": "powerhittype2.ExportJson",
    "atk_particle": "null",
    "atk_type": "null",
    "atk_fly_particle": "null",
    "atk_delay_particle": "null",
    "def_ani": "hitx.ExportJson",
    "def_particle": "null",
    "def_full_effect": "null",
    "later_ani": "null",
    "later_particle": "null",
    "flipy": true,
    "fullscr": false,
    "offset_x": 0.0,
    "offset_y": 0.0,
    "sound": "strong_melee_physical.ogg",
    "soundx": "null"
  },
  {
    "skillid": 12,
    "atk_ani": "null",
    "atk_particle": "null",
    "atk_type": "magicnormal",
    "atk_fly_particle": "magicnormalhit",
    "atk_delay_particle": "null",
    "def_ani": "null",
    "def_particle": "magicnormalhit2",
    "def_full_effect": "null",
    "later_ani": "null",
    "later_particle": "null",
    "flipy": false,
    "fullscr": false,
    "offset_x": 0.0,
    "offset_y": 0.0,
    "sound": "normal_magic.ogg",
    "soundx": "null"
  },
  {
    "skillid": 13,
    "atk_ani": "ice.ExportJson",
    "atk_particle": "null",
    "atk_type": "null",
    "atk_fly_particle": "null",
    "atk_delay_particle": "null",
    "def_ani": "null",
    "def_particle": "null",
    "def_full_effect": "icestrom.xml",
    "later_ani": "null",
    "later_particle": "null",
    "flipy": false,
    "fullscr": true,
    "offset_x": 0.0,
    "offset_y": 0.0,
    "sound": "icestorm.ogg",
    "soundx": "null"
  },
  {
    "skillid": 14,
    "atk_ani": "null",
    "atk_particle": "null",
    "atk_type": "null",
    "atk_fly_particle": "null",
    "atk_delay_particle": "null",
    "def_ani": "agilityup_move.ExportJson",
    "def_particle": "null",
    "def_full_effect": "null",
    "later_ani": "agilityup.ExportJson",
    "later_particle": "null",
    "flipy": false,
    "fullscr": false,
    "offset_x": 0.0,
    "offset_y": 0.0,
    "sound": "teleport.ogg",
    "soundx": "null"
  },
  {
    "skillid": 15,
    "atk_ani": "null",
    "atk_particle": "null",
    "atk_type": "null",
    "atk_fly_particle": "null",
    "atk_delay_particle": "null",
    "def_ani": "null",
    "def_particle": "sheepsmoke",
    "def_full_effect": "null",
    "later_ani": "null",
    "later_particle": "null",
    "flipy": false,
    "fullscr": false,
    "offset_x": 0.0,
    "offset_y": 0.0,
    "sound": "smog.ogg",
    "soundx": "mie.ogg"
  },
  {
    "skillid": 16,
    "atk_ani": "null",
    "atk_particle": "null",
    "atk_type": "fire",
    "atk_fly_particle": "fireball",
    "atk_delay_particle": "null",
    "def_ani": "null",
    "def_particle": "blow",
    "def_full_effect": "null",
    "later_ani": "null",
    "later_particle": "null",
    "flipy": false,
    "fullscr": false,
    "offset_x": 0.0,
    "offset_y": 0.0,
    "sound": "fireball_blow.ogg",
    "soundx": "null"
  },
  {
    "skillid": 17,
    "atk_ani": "null",
    "atk_particle": "null",
    "atk_type": "null",
    "atk_fly_particle": "null",
    "atk_delay_particle": "null",
    "def_ani": "firerain.ExportJson",
    "def_particle": "blow",
    "def_full_effect": "null",
    "later_ani": "null",
    "later_particle": "null",
    "flipy": false,
    "fullscr": false,
    "offset_x": 0.0,
    "offset_y": 0.0,
    "sound": "fireball_blow.ogg",
    "soundx": "null"
  },
  {
    "skillid": 18,
    "atk_ani": "null",
    "atk_particle": "null",
    "atk_type": "null",
    "atk_fly_particle": "null",
    "atk_delay_particle": "blood",
    "def_ani": "blood1.ExportJson",
    "def_particle": "null",
    "def_full_effect": "null",
    "later_ani": "null",
    "later_particle": "null",
    "flipy": false,
    "fullscr": false,
    "offset_x": 0.0,
    "offset_y": 0.0,
    "sound": "bloodsucking.ogg",
    "soundx": "null"
  },
  {
    "skillid": 19,
    "atk_ani": "null",
    "atk_particle": "backstabp",
    "atk_type": "null",
    "atk_fly_particle": "null",
    "atk_delay_particle": "null",
    "def_ani": "stab.ExportJson",
    "def_particle": "null",
    "def_full_effect": "null",
    "later_ani": "null",
    "later_particle": "posion",
    "flipy": false,
    "fullscr": false,
    "offset_x": 0.0,
    "offset_y": 0.0,
    "sound": "smog.ogg",
    "soundx": "poisoned.ogg"
  },
  {
    "skillid": 20,
    "atk_ani": "xuli.ExportJson",
    "atk_particle": "null",
    "atk_type": "null",
    "atk_fly_particle": "null",
    "atk_delay_particle": "null",
    "def_ani": "arrowrain.ExportJson",
    "def_particle": "null",
    "def_full_effect": "null",
    "later_ani": "null",
    "later_particle": "null",
    "flipy": false,
    "fullscr": false,
    "offset_x": 0.0,
    "offset_y": 0.0,
    "sound": "arrow_hit.ogg",
    "soundx": "null"
  },
  {
    "skillid": 21,
    "atk_ani": "hit1.ExportJson",
    "atk_particle": "null",
    "atk_type": "null",
    "atk_fly_particle": "null",
    "atk_delay_particle": "null",
    "def_ani": "null",
    "def_particle": "null",
    "def_full_effect": "hitline.ExportJson",
    "later_ani": "null",
    "later_particle": "null",
    "flipy": true,
    "fullscr": false,
    "offset_x": 0.0,
    "offset_y": 0.0,
    "sound": "chop.ogg",
    "soundx": "null"
  },
  {
    "skillid": 22,
    "atk_ani": "null",
    "atk_particle": "null",
    "atk_type": "arrowx",
    "atk_fly_particle": "null",
    "atk_delay_particle": "null",
    "def_ani": "null",
    "def_particle": "arrowblow",
    "def_full_effect": "null",
    "later_ani": "null",
    "later_particle": "null",
    "flipy": false,
    "fullscr": false,
    "offset_x": 0.0,
    "offset_y": 0.0,
    "sound": "arrow_hit.ogg",
    "soundx": "null"
  },
  {
    "skillid": 23,
    "atk_ani": "null",
    "atk_particle": "null",
    "atk_type": "arrowx",
    "atk_fly_particle": "arrowp",
    "atk_delay_particle": "null",
    "def_ani": "null",
    "def_particle": "arrowblow",
    "def_full_effect": "null",
    "later_ani": "null",
    "later_particle": "null",
    "flipy": false,
    "fullscr": false,
    "offset_x": 0.0,
    "offset_y": 0.0,
    "sound": "arrow_hit.ogg",
    "soundx": "null"
  },
  {
    "skillid": 24,
    "atk_ani": "null",
    "atk_particle": "null",
    "atk_type": "iceball",
    "atk_fly_particle": "flakep2",
    "atk_delay_particle": "null",
    "def_ani": "frozen.ExportJson",
    "def_particle": "null",
    "def_full_effect": "null",
    "later_ani": "null",
    "later_particle": "null",
    "flipy": false,
    "fullscr": false,
    "offset_x": 0.0,
    "offset_y": 0.0,
    "sound": "frozen.ogg",
    "soundx": "null"
  },
  {
    "skillid": 25,
    "atk_ani": "crit.ExportJson",
    "atk_particle": "null",
    "atk_type": "null",
    "atk_fly_particle": "null",
    "atk_delay_particle": "null",
    "def_ani": "null",
    "def_particle": "null",
    "def_full_effect": "null",
    "later_ani": "null",
    "later_particle": "null",
    "flipy": false,
    "fullscr": false,
    "offset_x": 0.0,
    "offset_y": 0.0,
    "sound": "stronger.ogg",
    "soundx": "null"
  },
  {
    "skillid": 26,
    "atk_ani": "null",
    "atk_particle": "null",
    "atk_type": "null",
    "atk_fly_particle": "null",
    "atk_delay_particle": "null",
    "def_ani": "ice01.ExportJson",
    "def_particle": "null",
    "def_full_effect": "null",
    "later_ani": "null",
    "later_particle": "ice01part",
    "flipy": false,
    "fullscr": false,
    "offset_x": 0.0,
    "offset_y": 0.0,
    "sound": "frozen.ogg",
    "soundx": "null"
  },
  {
    "skillid": 27,
    "atk_ani": "null",
    "atk_particle": "null",
    "atk_type": "arrowx",
    "atk_fly_particle": "null",
    "atk_delay_particle": "null",
    "def_ani": "null",
    "def_particle": "null",
    "def_full_effect": "null",
    "later_ani": "null",
    "later_particle": "null",
    "flipy": false,
    "fullscr": false,
    "offset_x": 0.0,
    "offset_y": 0.0,
    "sound": "arrow_hit.ogg",
    "soundx": "null"
  },
  {
    "skillid": 28,
    "atk_ani": "null",
    "atk_particle": "null",
    "atk_type": "null",
    "atk_fly_particle": "null",
    "atk_delay_particle": "null",
    "def_ani": "null",
    "def_particle": "sheepsmoke",
    "def_full_effect": "null",
    "later_ani": "null",
    "later_particle": "null",
    "flipy": false,
    "fullscr": false,
    "offset_x": 0.0,
    "offset_y": 0.0,
    "sound": "stronger.ogg",
    "soundx": "null"
  },
  {
    "skillid": 29,
    "atk_ani": "null",
    "atk_particle": "null",
    "atk_type": "null",
    "atk_fly_particle": "null",
    "atk_delay_particle": "null",
    "def_ani": "xuli.ExportJson",
    "def_particle": "null",
    "def_full_effect": "null",
    "later_ani": "speeddown.ExportJson",
    "later_particle": "null",
    "flipy": false,
    "fullscr": false,
    "offset_x": 0.0,
    "offset_y": 0.0,
    "sound": "weaken.ogg",
    "soundx": "null"
  }
]