<?xml version="1.0" encoding="UTF-8"?>
<XAnimation>
	<components texture_atlas="animation.pack">
		<component type="1" name="i3" w="72" h="234" />
		<component type="2" name="i5" w="72" h="234" />
		<component type="3" name="i7" w="72" h="234" />
		<component type="4" name="i9" w="72" h="234" />
		<component type="5" name="i11" w="145" h="178" />
		<component type="6" name="i13" w="145" h="178" />
		<component type="7" name="i15" w="145" h="178" />
		<component type="8" name="i17" w="145" h="178" />
		<component type="9" name="i19" w="145" h="178" />
		<component type="10" name="i21" w="145" h="178" />
	</components>
	<Frames id="action" scale="1.0">
		<frame id="0">
			<position type="1" x="479" y="952" sx="0.939682" sy="0.939682"
				rx="-0.34202576" ry="0.34202576" />
		</frame>
		<frame id="1">
			<position type="2" x="452" y="900" sx="0.93969727" sy="0.93969727"
				rx="-0.34202576" ry="0.34202576" />
			<position type="1" x="209" y="905" sx="0.939682" sy="0.939682"
				rx="-0.34202576" ry="0.34202576" />
		</frame>
		<frame id="2">
			<position type="3" x="437" y="860" sx="0.93969727" sy="0.93969727"
				rx="-0.34202576" ry="0.34202576" />
			<position type="2" x="182" y="853" sx="0.93969727" sy="0.93969727"
				rx="-0.34202576" ry="0.34202576" />
			<position type="1" x="548" y="1029" sx="0.939682" sy="0.939682"
				rx="-0.34202576" ry="0.34202576" />
		</frame>
		<frame id="3">
			<position type="4" x="420" y="817" sx="0.93969727" sy="0.93969727"
				rx="-0.34202576" ry="0.34202576" />
			<position type="3" x="166" y="813" sx="0.93969727" sy="0.93969727"
				rx="-0.34202576" ry="0.34202576" />
			<position type="2" x="521" y="977" sx="0.93969727" sy="0.93969727"
				rx="-0.34202576" ry="0.34202576" />
		</frame>
		<frame id="4">
			<position type="1" x="402" y="764" sx="0.93969727" sy="0.93969727"
				rx="-0.34202576" ry="0.34202576" />
			<position type="4" x="150" y="771" sx="0.93969727" sy="0.93969727"
				rx="-0.34202576" ry="0.34202576" />
			<position type="3" x="506" y="936" sx="0.93969727" sy="0.93969727"
				rx="-0.34202576" ry="0.34202576" />
		</frame>
		<frame id="5">
			<position type="5" x="330" y="672" sx="0.93969727" sy="0.93969727"
				rx="-0.34202576" ry="0.34202576" />
			<position type="1" x="131" y="717" sx="0.93969727" sy="0.93969727"
				rx="-0.34202576" ry="0.34202576" />
			<position type="4" x="489" y="894" sx="0.93969727" sy="0.93969727"
				rx="-0.34202576" ry="0.34202576" />
		</frame>
		<frame id="6">
			<position type="6" x="324" y="668" sx="0.93969727" sy="0.93969727"
				rx="-0.34202576" ry="0.34202576" />
			<position type="5" x="60" y="626" sx="0.93969727" sy="0.93969727"
				rx="-0.34202576" ry="0.34202576" />
			<position type="1" x="470" y="840" sx="0.93969727" sy="0.93969727"
				rx="-0.34202576" ry="0.34202576" />
		</frame>
		<frame id="7">
			<position type="7" x="322" y="659" sx="0.93969727" sy="0.93969727"
				rx="-0.34202576" ry="0.34202576" />
			<position type="1" x="385" y="1080" sx="0.939682" sy="0.939682"
				rx="-0.34202576" ry="0.34202576" />
			<position type="6" x="53" y="621" sx="0.93969727" sy="0.93969727"
				rx="-0.34202576" ry="0.34202576" />
			<position type="5" x="399" y="749" sx="0.93969727" sy="0.93969727"
				rx="-0.34202576" ry="0.34202576" />
		</frame>
		<frame id="8">
			<position type="8" x="318" y="662" sx="0.93969727" sy="0.93969727"
				rx="-0.34202576" ry="0.34202576" />
			<position type="2" x="358" y="1029" sx="0.93969727" sy="0.93969727"
				rx="-0.34202576" ry="0.34202576" />
			<position type="7" x="51" y="612" sx="0.93969727" sy="0.93969727"
				rx="-0.34202576" ry="0.34202576" />
			<position type="6" x="393" y="745" sx="0.93969727" sy="0.93969727"
				rx="-0.34202576" ry="0.34202576" />
		</frame>
		<frame id="9">
			<position type="9" x="316" y="665" sx="0.93969727" sy="0.93969727"
				rx="-0.34202576" ry="0.34202576" />
			<position type="3" x="343" y="988" sx="0.93969727" sy="0.93969727"
				rx="-0.34202576" ry="0.34202576" />
			<position type="8" x="47" y="615" sx="0.93969727" sy="0.93969727"
				rx="-0.34202576" ry="0.34202576" />
			<position type="7" x="390" y="735" sx="0.93969727" sy="0.93969727"
				rx="-0.34202576" ry="0.34202576" />
		</frame>
		<frame id="10">
			<position type="10" x="314" y="673" sx="0.93969727" sy="0.93969727"
				rx="-0.34202576" ry="0.34202576" />
			<position type="4" x="326" y="946" sx="0.93969727" sy="0.93969727"
				rx="-0.34202576" ry="0.34202576" />
			<position type="9" x="45" y="618" sx="0.93969727" sy="0.93969727"
				rx="-0.34202576" ry="0.34202576" />
			<position type="1" x="226" y="1069" sx="0.939682" sy="0.939682"
				rx="-0.34202576" ry="0.34202576" />
			<position type="8" x="386" y="738" sx="0.93969727" sy="0.93969727"
				rx="-0.34202576" ry="0.34202576" />
		</frame>
		<frame id="11">
			<position type="1" x="307" y="892" sx="0.93969727" sy="0.93969727"
				rx="-0.34202576" ry="0.34202576" />
			<position type="10" x="43" y="627" sx="0.93969727" sy="0.93969727"
				rx="-0.34202576" ry="0.34202576" />
			<position type="2" x="199" y="1017" sx="0.93969727" sy="0.93969727"
				rx="-0.34202576" ry="0.34202576" />
			<position type="9" x="384" y="742" sx="0.93969727" sy="0.93969727"
				rx="-0.34202576" ry="0.34202576" />
		</frame>
		<frame id="12">
			<position type="5" x="236" y="800" sx="0.93969727" sy="0.93969727"
				rx="-0.34202576" ry="0.34202576" />
			<position type="3" x="183" y="977" sx="0.93969727" sy="0.93969727"
				rx="-0.34202576" ry="0.34202576" />
			<position type="10" x="382" y="750" sx="0.93969727" sy="0.93969727"
				rx="-0.34202576" ry="0.34202576" />
		</frame>
		<frame id="13">
			<position type="6" x="230" y="797" sx="0.93969727" sy="0.93969727"
				rx="-0.34202576" ry="0.34202576" />
			<position type="4" x="166" y="934" sx="0.93969727" sy="0.93969727"
				rx="-0.34202576" ry="0.34202576" />
			<position type="1" x="392" y="917" sx="0.939682" sy="0.939682"
				rx="-0.34202576" ry="0.34202576" />
		</frame>
		<frame id="14">
			<position type="7" x="228" y="787" sx="0.93969727" sy="0.93969727"
				rx="-0.34202576" ry="0.34202576" />
			<position type="1" x="148" y="880" sx="0.93969727" sy="0.93969727"
				rx="-0.34202576" ry="0.34202576" />
			<position type="2" x="365" y="865" sx="0.93969727" sy="0.93969727"
				rx="-0.34202576" ry="0.34202576" />
		</frame>
		<frame id="15">
			<position type="8" x="224" y="790" sx="0.93969727" sy="0.93969727"
				rx="-0.34202576" ry="0.34202576" />
			<position type="5" x="76" y="789" sx="0.93969727" sy="0.93969727"
				rx="-0.34202576" ry="0.34202576" />
			<position type="3" x="350" y="824" sx="0.93969727" sy="0.93969727"
				rx="-0.34202576" ry="0.34202576" />
		</frame>
		<frame id="16">
			<position type="9" x="221" y="793" sx="0.93969727" sy="0.93969727"
				rx="-0.34202576" ry="0.34202576" />
			<position type="6" x="70" y="785" sx="0.93969727" sy="0.93969727"
				rx="-0.34202576" ry="0.34202576" />
			<position type="4" x="333" y="783" sx="0.93969727" sy="0.93969727"
				rx="-0.34202576" ry="0.34202576" />
		</frame>
		<frame id="17">
			<position type="10" x="219" y="801" sx="0.93969727" sy="0.93969727"
				rx="-0.34202576" ry="0.34202576" />
			<position type="7" x="68" y="776" sx="0.93969727" sy="0.93969727"
				rx="-0.34202576" ry="0.34202576" />
			<position type="1" x="315" y="729" sx="0.93969727" sy="0.93969727"
				rx="-0.34202576" ry="0.34202576" />
		</frame>
		<frame id="18">
			<position type="8" x="64" y="779" sx="0.93969727" sy="0.93969727"
				rx="-0.34202576" ry="0.34202576" />
			<position type="5" x="243" y="637" sx="0.93969727" sy="0.93969727"
				rx="-0.34202576" ry="0.34202576" />
		</frame>
		<frame id="19">
			<position type="9" x="62" y="782" sx="0.93969727" sy="0.93969727"
				rx="-0.34202576" ry="0.34202576" />
			<position type="6" x="237" y="633" sx="0.93969727" sy="0.93969727"
				rx="-0.34202576" ry="0.34202576" />
		</frame>
		<frame id="20">
			<position type="10" x="60" y="790" sx="0.93969727" sy="0.93969727"
				rx="-0.34202576" ry="0.34202576" />
			<position type="7" x="235" y="623" sx="0.93969727" sy="0.93969727"
				rx="-0.34202576" ry="0.34202576" />
		</frame>
		<frame id="21">
			<position type="8" x="231" y="627" sx="0.93969727" sy="0.93969727"
				rx="-0.34202576" ry="0.34202576" />
		</frame>
		<frame id="22">
			<position type="9" x="229" y="630" sx="0.93969727" sy="0.93969727"
				rx="-0.34202576" ry="0.34202576" />
		</frame>
		<frame id="23">
			<position type="10" x="227" y="638" sx="0.93969727" sy="0.93969727"
				rx="-0.34202576" ry="0.34202576" />
		</frame>
	</Frames>
</XAnimation>
