[
  {
    "id": 1,
    "type": 0,
    "count": 0,
    "reward_type": 0,
    "reward_count": 5,
    "map_type": 2,
  },
  {
    "id": 2,
    "type": 0,
    "count": 1,
    "reward_type": 0,
    "reward_count": 5,
  },
  {
    "id": 3,
    "type": 0,
    "count": 2,
    "reward_type": 0,
    "reward_count": 5,
  },
  {
    "id": 14,
    "type": 0,
    "count": 3,
    "reward_type": 0,
    "reward_count": 5,
  },
  {
    "id": 15,
    "type": 0,
    "count": 4,
    "reward_type": 0,
    "reward_count": 5,
  },
  {
    "id": 16,
    "type": 0,
    "count": 5,
    "reward_type": 0,
    "reward_count": 5,
  },
  {
    "id": 17,
    "type": 0,
    "count": 6,
    "reward_type": 0,
    "reward_count": 5,
  },
  {
    "id": 18,
    "type": 0,
    "count": 7,
    "reward_type": 0,
    "reward_count": 5,
  },
  {
    "id": 19,
    "type": 0,
    "count": 8,
    "reward_type": 0,
    "reward_count": 5,
  },
  {
    "id": 20,
    "type": 0,
    "count": 9,
    "reward_type": 0,
    "reward_count": 5,
  },
  {
    "id": 21,
    "type": 0,
    "count": 10,
    "reward_type": 0,
    "reward_count": 10,
  },
  {
    "id": 22,
    "type": 0,
    "count": 11,
    "reward_type": 0,
    "reward_count": 10,
  },
  {
    "id": 23,
    "type": 0,
    "count": 12,
    "reward_type": 0,
    "reward_count": 10,
  },
  {
    "id": 24,
    "type": 0,
    "count": 13,
    "reward_type": 0,
    "reward_count": 10,
  },
  {
    "id": 25,
    "type": 0,
    "count": 14,
    "reward_type": 0,
    "reward_count": 20,
  },
  {
    "id": 26,
    "type": 0,
    "count": 15,
    "reward_type": 0,
    "reward_count": 20,
  },
  {
    "id": 27,
    "type": 0,
    "count": 16,
    "reward_type": 0,
    "reward_count": 50,
  },
  {
    "id": 4,
    "type": 1,
    "count": 20,
    "reward_type": 0,
    "reward_count": 5,
    "map_type": 0,
  },
  {
    "id": 28,
    "type": 1,
    "count": 100,
    "reward_type": 0,
    "reward_count": 10,
    "map_type": 0,
  },
  {
    "id": 29,
    "type": 1,
    "count": 1000,
    "reward_type": 0,
    "reward_count": 20,
    "map_type": 0,
  },
  {
    "id": 5,
    "type": 2,
    "count": 1,
    "reward_type": 0,
    "reward_count": 5,
  },
  {
    "id": 30,
    "type": 2,
    "count": 20,
    "reward_type": 0,
    "reward_count": 10,
  },
  {
    "id": 31,
    "type": 2,
    "count": 100,
    "reward_type": 0,
    "reward_count": 15,
  },
  {
    "id": 32,
    "type": 9,
    "count": 10,
    "reward_type": 0,
    "reward_count": 15,
  },
  {
    "id": 6,
    "type": 8,
    "count": 10,
    "reward_type": 0,
    "reward_count": 5,
  },
  {
    "id": 7,
    "type": 8,
    "count": 20,
    "reward_type": 0,
    "reward_count": 5,
  },
  {
    "id": 33,
    "type": 8,
    "count": 30,
    "reward_type": 0,
    "reward_count": 10,
  },
  {
    "id": 34,
    "type": 7,
    "count": 40,
    "reward_type": 0,
    "reward_count": 10,
  },
  {
    "id": 35,
    "type": 7,
    "count": 50,
    "reward_type": 0,
    "reward_count": 10,
  },
  {
    "id": 36,
    "type": 7,
    "count": 60,
    "reward_type": 0,
    "reward_count": 10,
  },
  {
    "id": 37,
    "type": 6,
    "count": 70,
    "reward_type": 0,
    "reward_count": 20,
  },
  {
    "id": 38,
    "type": 6,
    "count": 80,
    "reward_type": 0,
    "reward_count": 20,
  },
  {
    "id": 39,
    "type": 6,
    "count": 90,
    "reward_type": 0,
    "reward_count": 20,
  },
  {
    "id": 40,
    "type": 5,
    "count": 100,
    "reward_type": 0,
    "reward_count": 30,
  },
  {
    "id": 41,
    "type": 5,
    "count": 110,
    "reward_type": 0,
    "reward_count": 30,
  },
  {
    "id": 42,
    "type": 5,
    "count": 120,
    "reward_type": 0,
    "reward_count": 30,
  },
  {
    "id": 43,
    "type": 5,
    "count": 130,
    "reward_type": 0,
    "reward_count": 30,
  },
  {
    "id": 44,
    "type": 5,
    "count": 140,
    "reward_type": 0,
    "reward_count": 50,
  },
  {
    "id": 8,
    "type": 3,
    "count": 5,
    "reward_type": 0,
    "reward_count": 5,
  },
  {
    "id": 45,
    "type": 3,
    "count": 20,
    "reward_type": 0,
    "reward_count": 10,
  },
  {
    "id": 46,
    "type": 3,
    "count": 50,
    "reward_type": 0,
    "reward_count": 15,
  },
  {
    "id": 47,
    "type": 3,
    "count": 100,
    "reward_type": 0,
    "reward_count": 20,
  },
  {
    "id": 9,
    "type": 4,
    "count": 10,
    "reward_type": 0,
    "reward_count": 5,
  },
  {
    "id": 48,
    "type": 4,
    "count": 300,
    "reward_type": 0,
    "reward_count": 20,
  },
  {
    "id": 10,
    "type": 0,
    "count": 2000,
    "reward_type": 0,
    "reward_count": 5,
    "map_type": 2,
  },
  {
    "id": 11,
    "type": 0,
    "count": 2001,
    "reward_type": 0,
    "reward_count": 5,
  },
  {
    "id": 49,
    "type": 0,
    "count": 2002,
    "reward_type": 0,
    "reward_count": 5,
  },
  {
    "id": 50,
    "type": 0,
    "count": 2003,
    "reward_type": 0,
    "reward_count": 5,
    "map_type": 2,
  },
  {
    "id": 51,
    "type": 0,
    "count": 2004,
    "reward_type": 0,
    "reward_count": 5,
  },
  {
    "id": 52,
    "type": 0,
    "count": 2005,
    "reward_type": 0,
    "reward_count": 5,
  },
  {
    "id": 53,
    "type": 0,
    "count": 2006,
    "reward_type": 0,
    "reward_count": 5,
    "map_type": 2,
  },
  {
    "id": 54,
    "type": 0,
    "count": 2007,
    "reward_type": 0,
    "reward_count": 5,
  },
  {
    "id": 55,
    "type": 0,
    "count": 2008,
    "reward_type": 0,
    "reward_count": 5,
  },
  {
    "id": 56,
    "type": 0,
    "count": 2009,
    "reward_type": 0,
    "reward_count": 5,
    "map_type": 2,
  },
  {
    "id": 57,
    "type": 0,
    "count": 2010,
    "reward_type": 0,
    "reward_count": 10,
  },
  {
    "id": 58,
    "type": 0,
    "count": 2011,
    "reward_type": 0,
    "reward_count": 10,
  },
  {
    "id": 59,
    "type": 0,
    "count": 2012,
    "reward_type": 0,
    "reward_count": 10,
    "map_type": 2,
  },
  {
    "id": 60,
    "type": 0,
    "count": 2013,
    "reward_type": 0,
    "reward_count": 10,
  },
  {
    "id": 61,
    "type": 0,
    "count": 2014,
    "reward_type": 0,
    "reward_count": 20,
  },
  {
    "id": 62,
    "type": 0,
    "count": 2015,
    "reward_type": 0,
    "reward_count": 20,
    "map_type": 2,
  },
  {
    "id": 63,
    "type": 0,
    "count": 2016,
    "reward_type": 0,
    "reward_count": 50,
  },
  {
    "id": 64,
    "type": 0,
    "count": 1000001,
    "reward_type": 0,
    "reward_count": 5,
  },
  {
    "id": 65,
    "type": 0,
    "count": 1000002,
    "reward_type": 0,
    "reward_count": 10,
  },
  {
    "id": 66,
    "type": 0,
    "count": 1000003,
    "reward_type": 0,
    "reward_count": 15,
  },
  {
    "id": 67,
    "type": 0,
    "count": 1001001,
    "reward_type": 0,
    "reward_count": 5,
  },
  {
    "id": 68,
    "type": 0,
    "count": 1001002,
    "reward_type": 0,
    "reward_count": 10,
  },
  {
    "id": 69,
    "type": 0,
    "count": 1001003,
    "reward_type": 0,
    "reward_count": 15,
  },
  {
    "id": 70,
    "type": 0,
    "count": 1002001,
    "reward_type": 0,
    "reward_count": 5,
  },
  {
    "id": 71,
    "type": 0,
    "count": 1002002,
    "reward_type": 0,
    "reward_count": 10,
  },
  {
    "id": 72,
    "type": 0,
    "count": 1002003,
    "reward_type": 0,
    "reward_count": 15,
  },
  {
    "id": 73,
    "type": 0,
    "count": 1003001,
    "reward_type": 0,
    "reward_count": 5,
  },
  {
    "id": 74,
    "type": 0,
    "count": 1003002,
    "reward_type": 0,
    "reward_count": 10,
  },
  {
    "id": 75,
    "type": 0,
    "count": 1003003,
    "reward_type": 0,
    "reward_count": 15,
  },
  {
    "id": 76,
    "type": 0,
    "count": 1004001,
    "reward_type": 0,
    "reward_count": 5,
  },
  {
    "id": 77,
    "type": 0,
    "count": 1004002,
    "reward_type": 0,
    "reward_count": 10,
  },
  {
    "id": 78,
    "type": 0,
    "count": 1004003,
    "reward_type": 0,
    "reward_count": 15,
  },
  {
    "id": 12,
    "type": 1,
    "count": 20,
    "reward_type": 0,
    "reward_count": 5,
    "map_type": 2,
  },
  {
    "id": 79,
    "type": 1,
    "count": 100,
    "reward_type": 0,
    "reward_count": 10,
    "map_type": 2,
  },
  {
    "id": 80,
    "type": 1,
    "count": 1000,
    "reward_type": 0,
    "reward_count": 20,
    "map_type": 2,
  },
  {
    "id": 13,
    "type": 10,
    "count": 3,
    "reward_type": 0,
    "reward_count": 10,
  },
  {
    "id": 81,
    "type": 10,
    "count": 4,
    "reward_type": 0,
    "reward_count": 30,
  },
  {
    "id": 82,
    "type": 10,
    "count": 5,
    "reward_type": 0,
    "reward_count": 50,
  },
  {
    "id": 83,
    "type": 10,
    "count": 6,
    "reward_type": 0,
    "reward_count": 100,
  },
  {
    "id": 10001,
    "type": 11,
    "count": 3,
    "reward_type": 2,
    "reward_count": 15,
    "map_type": 0,
  },
  {
    "id": 10002,
    "type": 11,
    "count": 3,
    "reward_type": 2,
    "reward_count": 15,
    "map_type": 2,
  },
  {
    "id": 10003,
    "type": 12,
    "count": 1,
    "reward_type": 2,
    "reward_count": 15,
  },
  {
    "id": 10004,
    "type": 11,
    "count": 1,
    "reward_type": 2,
    "reward_count": 15,
    "map_type": 1,
  },
  {
    "id": 10005,
    "type": 13,
    "count": 1,
    "reward_type": 1,
    "reward_count": 5000,
  },
  {
    "id": 10006,
    "type": 14,
    "count": 1,
    "reward_type": 0,
    "reward_count": 10,
  }
]
